{
  "device": "cuda",
  "gpu_name": "NVIDIA GeForce RTX 3060 Ti",
  "total_time_ms": 6890.761706829071,
  "category_summary": {
    "spatial": {
      "total_ms": 111.2655029296875,
      "num_features": 1,
      "mean_ms": 111.2655029296875
    },
    "spectral": {
      "total_ms": 33.17145538330078,
      "num_features": 1,
      "mean_ms": 33.17145538330078
    },
    "cross_channel": {
      "total_ms": 339.0379333496094,
      "num_features": 1,
      "mean_ms": 339.0379333496094
    },
    "distributional": {
      "total_ms": 3601.129638671875,
      "num_features": 1,
      "mean_ms": 3601.129638671875
    },
    "structural": {
      "total_ms": 1127.0809326171875,
      "num_features": 1,
      "mean_ms": 1127.0809326171875
    },
    "physics": {
      "total_ms": 568.7367553710938,
      "num_features": 1,
      "mean_ms": 568.7367553710938
    },
    "morphological": {
      "total_ms": 474.5185241699219,
      "num_features": 1,
      "mean_ms": 474.5185241699219
    },
    "multiscale": {
      "total_ms": 19.44268798828125,
      "num_features": 1,
      "mean_ms": 19.44268798828125
    },
    "temporal": {
      "total_ms": 15.033120155334473,
      "num_features": 1,
      "mean_ms": 15.033120155334473
    },
    "causality": {
      "total_ms": 6.120607852935791,
      "num_features": 1,
      "mean_ms": 6.120607852935791
    },
    "invariant_drift": {
      "total_ms": 595.2245483398438,
      "num_features": 1,
      "mean_ms": 595.2245483398438
    }
  },
  "detailed_stats": {
    "spatial": {
      "total_ms": 111.2655029296875,
      "count": 1,
      "mean_ms": 111.2655029296875,
      "min_ms": 111.2655029296875,
      "max_ms": 111.2655029296875,
      "total_samples": 4,
      "category": "spatial",
      "ms_per_sample": 27.816375732421875
    },
    "spectral": {
      "total_ms": 33.17145538330078,
      "count": 1,
      "mean_ms": 33.17145538330078,
      "min_ms": 33.17145538330078,
      "max_ms": 33.17145538330078,
      "total_samples": 4,
      "category": "spectral",
      "ms_per_sample": 8.292863845825195
    },
    "cross_channel": {
      "total_ms": 339.0379333496094,
      "count": 1,
      "mean_ms": 339.0379333496094,
      "min_ms": 339.0379333496094,
      "max_ms": 339.0379333496094,
      "total_samples": 4,
      "category": "cross_channel",
      "ms_per_sample": 84.75948333740234
    },
    "distributional": {
      "total_ms": 3601.129638671875,
      "count": 1,
      "mean_ms": 3601.129638671875,
      "min_ms": 3601.129638671875,
      "max_ms": 3601.129638671875,
      "total_samples": 4,
      "category": "distributional",
      "ms_per_sample": 900.2824096679688
    },
    "structural": {
      "total_ms": 1127.0809326171875,
      "count": 1,
      "mean_ms": 1127.0809326171875,
      "min_ms": 1127.0809326171875,
      "max_ms": 1127.0809326171875,
      "total_samples": 4,
      "category": "structural",
      "ms_per_sample": 281.7702331542969
    },
    "physics": {
      "total_ms": 568.7367553710938,
      "count": 1,
      "mean_ms": 568.7367553710938,
      "min_ms": 568.7367553710938,
      "max_ms": 568.7367553710938,
      "total_samples": 4,
      "category": "physics",
      "ms_per_sample": 142.18418884277344
    },
    "morphological": {
      "total_ms": 474.5185241699219,
      "count": 1,
      "mean_ms": 474.5185241699219,
      "min_ms": 474.5185241699219,
      "max_ms": 474.5185241699219,
      "total_samples": 4,
      "category": "morphological",
      "ms_per_sample": 118.62963104248047
    },
    "multiscale": {
      "total_ms": 19.44268798828125,
      "count": 1,
      "mean_ms": 19.44268798828125,
      "min_ms": 19.44268798828125,
      "max_ms": 19.44268798828125,
      "total_samples": 4,
      "category": "multiscale",
      "ms_per_sample": 4.8606719970703125
    },
    "temporal": {
      "total_ms": 15.033120155334473,
      "count": 1,
      "mean_ms": 15.033120155334473,
      "min_ms": 15.033120155334473,
      "max_ms": 15.033120155334473,
      "total_samples": 4,
      "category": "temporal",
      "ms_per_sample": 3.758280038833618
    },
    "causality": {
      "total_ms": 6.120607852935791,
      "count": 1,
      "mean_ms": 6.120607852935791,
      "min_ms": 6.120607852935791,
      "max_ms": 6.120607852935791,
      "total_samples": 4,
      "category": "causality",
      "ms_per_sample": 1.5301519632339478
    },
    "invariant_drift": {
      "total_ms": 595.2245483398438,
      "count": 1,
      "mean_ms": 595.2245483398438,
      "min_ms": 595.2245483398438,
      "max_ms": 595.2245483398438,
      "total_samples": 4,
      "category": "invariant_drift",
      "ms_per_sample": 148.80613708496094
    }
  },
  "bottlenecks": [
    {
      "name": "distributional",
      "percentage": 52.26025498898017
    },
    {
      "name": "structural",
      "percentage": 16.356405584308582
    },
    {
      "name": "invariant_drift",
      "percentage": 8.638008012233946
    },
    {
      "name": "physics",
      "percentage": 8.253612293796907
    },
    {
      "name": "morphological",
      "percentage": 6.8863000109211665
    }
  ]
}