{
  "device": "cuda",
  "gpu_name": "NVIDIA GeForce RTX 3060 Ti",
  "total_time_ms": 6511.04163646698,
  "category_summary": {
    "spatial": {
      "total_ms": 106.10966491699219,
      "num_features": 1,
      "mean_ms": 106.10966491699219
    },
    "spectral": {
      "total_ms": 32.61113739013672,
      "num_features": 1,
      "mean_ms": 32.61113739013672
    },
    "cross_channel": {
      "total_ms": 342.96435546875,
      "num_features": 1,
      "mean_ms": 342.96435546875
    },
    "distributional": {
      "total_ms": 3277.131591796875,
      "num_features": 1,
      "mean_ms": 3277.131591796875
    },
    "structural": {
      "total_ms": 1054.1485595703125,
      "num_features": 1,
      "mean_ms": 1054.1485595703125
    },
    "physics": {
      "total_ms": 570.2274169921875,
      "num_features": 1,
      "mean_ms": 570.2274169921875
    },
    "morphological": {
      "total_ms": 480.742431640625,
      "num_features": 1,
      "mean_ms": 480.742431640625
    },
    "multiscale": {
      "total_ms": 18.7142391204834,
      "num_features": 1,
      "mean_ms": 18.7142391204834
    },
    "temporal": {
      "total_ms": 15.496512413024902,
      "num_features": 1,
      "mean_ms": 15.496512413024902
    },
    "causality": {
      "total_ms": 6.822912216186523,
      "num_features": 1,
      "mean_ms": 6.822912216186523
    },
    "invariant_drift": {
      "total_ms": 606.0728149414062,
      "num_features": 1,
      "mean_ms": 606.0728149414062
    }
  },
  "detailed_stats": {
    "spatial": {
      "total_ms": 106.10966491699219,
      "count": 1,
      "mean_ms": 106.10966491699219,
      "min_ms": 106.10966491699219,
      "max_ms": 106.10966491699219,
      "total_samples": 4,
      "category": "spatial",
      "ms_per_sample": 26.527416229248047
    },
    "spectral": {
      "total_ms": 32.61113739013672,
      "count": 1,
      "mean_ms": 32.61113739013672,
      "min_ms": 32.61113739013672,
      "max_ms": 32.61113739013672,
      "total_samples": 4,
      "category": "spectral",
      "ms_per_sample": 8.15278434753418
    },
    "cross_channel": {
      "total_ms": 342.96435546875,
      "count": 1,
      "mean_ms": 342.96435546875,
      "min_ms": 342.96435546875,
      "max_ms": 342.96435546875,
      "total_samples": 4,
      "category": "cross_channel",
      "ms_per_sample": 85.7410888671875
    },
    "distributional": {
      "total_ms": 3277.131591796875,
      "count": 1,
      "mean_ms": 3277.131591796875,
      "min_ms": 3277.131591796875,
      "max_ms": 3277.131591796875,
      "total_samples": 4,
      "category": "distributional",
      "ms_per_sample": 819.2828979492188
    },
    "structural": {
      "total_ms": 1054.1485595703125,
      "count": 1,
      "mean_ms": 1054.1485595703125,
      "min_ms": 1054.1485595703125,
      "max_ms": 1054.1485595703125,
      "total_samples": 4,
      "category": "structural",
      "ms_per_sample": 263.5371398925781
    },
    "physics": {
      "total_ms": 570.2274169921875,
      "count": 1,
      "mean_ms": 570.2274169921875,
      "min_ms": 570.2274169921875,
      "max_ms": 570.2274169921875,
      "total_samples": 4,
      "category": "physics",
      "ms_per_sample": 142.55685424804688
    },
    "morphological": {
      "total_ms": 480.742431640625,
      "count": 1,
      "mean_ms": 480.742431640625,
      "min_ms": 480.742431640625,
      "max_ms": 480.742431640625,
      "total_samples": 4,
      "category": "morphological",
      "ms_per_sample": 120.18560791015625
    },
    "multiscale": {
      "total_ms": 18.7142391204834,
      "count": 1,
      "mean_ms": 18.7142391204834,
      "min_ms": 18.7142391204834,
      "max_ms": 18.7142391204834,
      "total_samples": 4,
      "category": "multiscale",
      "ms_per_sample": 4.67855978012085
    },
    "temporal": {
      "total_ms": 15.496512413024902,
      "count": 1,
      "mean_ms": 15.496512413024902,
      "min_ms": 15.496512413024902,
      "max_ms": 15.496512413024902,
      "total_samples": 4,
      "category": "temporal",
      "ms_per_sample": 3.8741281032562256
    },
    "causality": {
      "total_ms": 6.822912216186523,
      "count": 1,
      "mean_ms": 6.822912216186523,
      "min_ms": 6.822912216186523,
      "max_ms": 6.822912216186523,
      "total_samples": 4,
      "category": "causality",
      "ms_per_sample": 1.7057280540466309
    },
    "invariant_drift": {
      "total_ms": 606.0728149414062,
      "count": 1,
      "mean_ms": 606.0728149414062,
      "min_ms": 606.0728149414062,
      "max_ms": 606.0728149414062,
      "total_samples": 4,
      "category": "invariant_drift",
      "ms_per_sample": 151.51820373535156
    }
  },
  "bottlenecks": [
    {
      "name": "distributional",
      "percentage": 50.33190962014969
    },
    {
      "name": "structural",
      "percentage": 16.190167694002252
    },
    {
      "name": "invariant_drift",
      "percentage": 9.308384875730473
    },
    {
      "name": "physics",
      "percentage": 8.757852411793271
    },
    {
      "name": "morphological",
      "percentage": 7.383494968732612
    },
    {
      "name": "cross_channel",
      "percentage": 5.2674268514561255
    }
  ]
}