{
  "device": "cuda",
  "gpu_name": "NVIDIA GeForce RTX 3060 Ti",
  "total_time_ms": 16070.905180454254,
  "category_summary": {
    "spatial": {
      "total_ms": 105.62662506103516,
      "num_features": 1,
      "mean_ms": 105.62662506103516
    },
    "spectral": {
      "total_ms": 32.888702392578125,
      "num_features": 1,
      "mean_ms": 32.888702392578125
    },
    "cross_channel": {
      "total_ms": 362.9855041503906,
      "num_features": 1,
      "mean_ms": 362.9855041503906
    },
    "distributional": {
      "total_ms": 8773.880859375,
      "num_features": 1,
      "mean_ms": 8773.880859375
    },
    "structural": {
      "total_ms": 5083.31396484375,
      "num_features": 1,
      "mean_ms": 5083.31396484375
    },
    "physics": {
      "total_ms": 603.0337524414062,
      "num_features": 1,
      "mean_ms": 603.0337524414062
    },
    "morphological": {
      "total_ms": 496.4607849121094,
      "num_features": 1,
      "mean_ms": 496.4607849121094
    },
    "multiscale": {
      "total_ms": 19.479167938232422,
      "num_features": 1,
      "mean_ms": 19.479167938232422
    },
    "temporal": {
      "total_ms": 15.595775604248047,
      "num_features": 1,
      "mean_ms": 15.595775604248047
    },
    "causality": {
      "total_ms": 6.2391037940979,
      "num_features": 1,
      "mean_ms": 6.2391037940979
    },
    "invariant_drift": {
      "total_ms": 571.4009399414062,
      "num_features": 1,
      "mean_ms": 571.4009399414062
    }
  },
  "detailed_stats": {
    "spatial": {
      "total_ms": 105.62662506103516,
      "count": 1,
      "mean_ms": 105.62662506103516,
      "min_ms": 105.62662506103516,
      "max_ms": 105.62662506103516,
      "total_samples": 4,
      "category": "spatial",
      "ms_per_sample": 26.40665626525879
    },
    "spectral": {
      "total_ms": 32.888702392578125,
      "count": 1,
      "mean_ms": 32.888702392578125,
      "min_ms": 32.888702392578125,
      "max_ms": 32.888702392578125,
      "total_samples": 4,
      "category": "spectral",
      "ms_per_sample": 8.222175598144531
    },
    "cross_channel": {
      "total_ms": 362.9855041503906,
      "count": 1,
      "mean_ms": 362.9855041503906,
      "min_ms": 362.9855041503906,
      "max_ms": 362.9855041503906,
      "total_samples": 4,
      "category": "cross_channel",
      "ms_per_sample": 90.74637603759766
    },
    "distributional": {
      "total_ms": 8773.880859375,
      "count": 1,
      "mean_ms": 8773.880859375,
      "min_ms": 8773.880859375,
      "max_ms": 8773.880859375,
      "total_samples": 4,
      "category": "distributional",
      "ms_per_sample": 2193.47021484375
    },
    "structural": {
      "total_ms": 5083.31396484375,
      "count": 1,
      "mean_ms": 5083.31396484375,
      "min_ms": 5083.31396484375,
      "max_ms": 5083.31396484375,
      "total_samples": 4,
      "category": "structural",
      "ms_per_sample": 1270.8284912109375
    },
    "physics": {
      "total_ms": 603.0337524414062,
      "count": 1,
      "mean_ms": 603.0337524414062,
      "min_ms": 603.0337524414062,
      "max_ms": 603.0337524414062,
      "total_samples": 4,
      "category": "physics",
      "ms_per_sample": 150.75843811035156
    },
    "morphological": {
      "total_ms": 496.4607849121094,
      "count": 1,
      "mean_ms": 496.4607849121094,
      "min_ms": 496.4607849121094,
      "max_ms": 496.4607849121094,
      "total_samples": 4,
      "category": "morphological",
      "ms_per_sample": 124.11519622802734
    },
    "multiscale": {
      "total_ms": 19.479167938232422,
      "count": 1,
      "mean_ms": 19.479167938232422,
      "min_ms": 19.479167938232422,
      "max_ms": 19.479167938232422,
      "total_samples": 4,
      "category": "multiscale",
      "ms_per_sample": 4.8697919845581055
    },
    "temporal": {
      "total_ms": 15.595775604248047,
      "count": 1,
      "mean_ms": 15.595775604248047,
      "min_ms": 15.595775604248047,
      "max_ms": 15.595775604248047,
      "total_samples": 4,
      "category": "temporal",
      "ms_per_sample": 3.8989439010620117
    },
    "causality": {
      "total_ms": 6.2391037940979,
      "count": 1,
      "mean_ms": 6.2391037940979,
      "min_ms": 6.2391037940979,
      "max_ms": 6.2391037940979,
      "total_samples": 4,
      "category": "causality",
      "ms_per_sample": 1.559775948524475
    },
    "invariant_drift": {
      "total_ms": 571.4009399414062,
      "count": 1,
      "mean_ms": 571.4009399414062,
      "min_ms": 571.4009399414062,
      "max_ms": 571.4009399414062,
      "total_samples": 4,
      "category": "invariant_drift",
      "ms_per_sample": 142.85023498535156
    }
  },
  "bottlenecks": [
    {
      "name": "distributional",
      "percentage": 54.5948144230604
    },
    {
      "name": "structural",
      "percentage": 31.630539212104708
    }
  ]
}