{
  "device": "cuda",
  "gpu_name": "NVIDIA GeForce RTX 3060 Ti",
  "total_time_ms": 1242.1007046699524,
  "category_summary": {
    "spatial": {
      "total_ms": 114.24870300292969,
      "num_features": 1,
      "mean_ms": 114.24870300292969
    },
    "spectral": {
      "total_ms": 34.01504135131836,
      "num_features": 1,
      "mean_ms": 34.01504135131836
    },
    "cross_channel": {
      "total_ms": 359.01336669921875,
      "num_features": 1,
      "mean_ms": 359.01336669921875
    },
    "multiscale": {
      "total_ms": 74.74342346191406,
      "num_features": 1,
      "mean_ms": 74.74342346191406
    },
    "temporal": {
      "total_ms": 15.476960182189941,
      "num_features": 1,
      "mean_ms": 15.476960182189941
    },
    "causality": {
      "total_ms": 6.696959972381592,
      "num_features": 1,
      "mean_ms": 6.696959972381592
    },
    "invariant_drift": {
      "total_ms": 637.90625,
      "num_features": 1,
      "mean_ms": 637.90625
    }
  },
  "detailed_stats": {
    "spatial": {
      "total_ms": 114.24870300292969,
      "count": 1,
      "mean_ms": 114.24870300292969,
      "min_ms": 114.24870300292969,
      "max_ms": 114.24870300292969,
      "total_samples": 4,
      "category": "spatial",
      "ms_per_sample": 28.562175750732422
    },
    "spectral": {
      "total_ms": 34.01504135131836,
      "count": 1,
      "mean_ms": 34.01504135131836,
      "min_ms": 34.01504135131836,
      "max_ms": 34.01504135131836,
      "total_samples": 4,
      "category": "spectral",
      "ms_per_sample": 8.50376033782959
    },
    "cross_channel": {
      "total_ms": 359.01336669921875,
      "count": 1,
      "mean_ms": 359.01336669921875,
      "min_ms": 359.01336669921875,
      "max_ms": 359.01336669921875,
      "total_samples": 4,
      "category": "cross_channel",
      "ms_per_sample": 89.75334167480469
    },
    "multiscale": {
      "total_ms": 74.74342346191406,
      "count": 1,
      "mean_ms": 74.74342346191406,
      "min_ms": 74.74342346191406,
      "max_ms": 74.74342346191406,
      "total_samples": 4,
      "category": "multiscale",
      "ms_per_sample": 18.685855865478516
    },
    "temporal": {
      "total_ms": 15.476960182189941,
      "count": 1,
      "mean_ms": 15.476960182189941,
      "min_ms": 15.476960182189941,
      "max_ms": 15.476960182189941,
      "total_samples": 4,
      "category": "temporal",
      "ms_per_sample": 3.8692400455474854
    },
    "causality": {
      "total_ms": 6.696959972381592,
      "count": 1,
      "mean_ms": 6.696959972381592,
      "min_ms": 6.696959972381592,
      "max_ms": 6.696959972381592,
      "total_samples": 4,
      "category": "causality",
      "ms_per_sample": 1.674239993095398
    },
    "invariant_drift": {
      "total_ms": 637.90625,
      "count": 1,
      "mean_ms": 637.90625,
      "min_ms": 637.90625,
      "max_ms": 637.90625,
      "total_samples": 4,
      "category": "invariant_drift",
      "ms_per_sample": 159.4765625
    }
  },
  "bottlenecks": [
    {
      "name": "invariant_drift",
      "percentage": 51.35704758894752
    },
    {
      "name": "cross_channel",
      "percentage": 28.90372458122184
    },
    {
      "name": "spatial",
      "percentage": 9.198022557541947
    },
    {
      "name": "multiscale",
      "percentage": 6.0175010915700815
    }
  ]
}